Datetime,Water Level (m)
2025-11-13 06:00:00,0.010089674
2025-11-13 07:00:00,-0.12145444
2025-11-13 08:00:00,-0.23843655
2025-11-13 09:00:00,-0.34192017
2025-11-13 10:00:00,-0.40457273
2025-11-13 11:00:00,-0.34178817
2025-11-13 12:00:00,-0.1196226
2025-11-13 13:00:00,0.09778408
2025-11-13 14:00:00,0.25440735
2025-11-13 15:00:00,0.34345174
2025-11-13 16:00:00,0.34320417
2025-11-13 17:00:00,0.22661042
2025-11-13 18:00:00,0.057027645
2025-11-13 19:00:00,-0.08668401
2025-11-13 20:00:00,-0.19469218
2025-11-13 21:00:00,-0.27795807
2025-11-13 22:00:00,-0.3112519
2025-11-13 23:00:00,-0.21555886
2025-11-14 00:00:00,-0.0079352055
2025-11-14 01:00:00,0.19322783
2025-11-14 02:00:00,0.33980864
2025-11-14 03:00:00,0.42680988
2025-11-14 04:00:00,0.44131148
2025-11-14 05:00:00,0.34775487
2025-11-14 06:00:00,0.17454909
2025-11-14 07:00:00,0.013313198
2025-11-14 08:00:00,-0.11996605
2025-11-14 09:00:00,-0.23966078
2025-11-14 10:00:00,-0.34693024
2025-11-14 11:00:00,-0.4184108
2025-11-14 12:00:00,-0.34466586
2025-11-14 13:00:00,-0.09262302
2025-11-14 14:00:00,0.1378264
2025-11-14 15:00:00,0.30358863
2025-11-14 16:00:00,0.40502435
2025-11-14 17:00:00,0.42686734
2025-11-14 18:00:00,0.3324058
2025-11-14 19:00:00,0.15625331
2025-11-14 20:00:00,0.000805398
2025-11-14 21:00:00,-0.12153029
2025-11-14 22:00:00,-0.2248067
2025-11-14 23:00:00,-0.30447397
2025-11-15 00:00:00,-0.30375582
2025-11-15 01:00:00,-0.09771206
2025-11-15 02:00:00,0.13881427
2025-11-15 03:00:00,0.31759396
2025-11-15 04:00:00,0.42177474
2025-11-15 05:00:00,0.43829927
2025-11-15 06:00:00,0.33326858
2025-11-15 07:00:00,0.14683011
2025-11-15 08:00:00,-0.019228434
2025-11-15 09:00:00,-0.1528296
2025-11-15 10:00:00,-0.2743294
2025-11-15 11:00:00,-0.3824516
2025-11-15 12:00:00,-0.4511116
2025-11-15 13:00:00,-0.34455773
2025-11-15 14:00:00,-0.07088822
2025-11-15 15:00:00,0.1851007
2025-11-15 16:00:00,0.37342134
2025-11-15 17:00:00,0.4871956
2025-11-15 18:00:00,0.50430137
2025-11-15 19:00:00,0.37709415
2025-11-15 20:00:00,0.17876261
2025-11-15 21:00:00,0.015171048
2025-11-15 22:00:00,-0.11457059
2025-11-15 23:00:00,-0.22810255
2025-11-16 00:00:00,-0.321429
2025-11-16 01:00:00,-0.34010246
2025-11-16 02:00:00,-0.13550402
2025-11-16 03:00:00,0.11688083
2025-11-16 04:00:00,0.31299838
2025-11-16 05:00:00,0.42731082
2025-11-16 06:00:00,0.4404207
2025-11-16 07:00:00,0.31437537
2025-11-16 08:00:00,0.11598223
2025-11-16 09:00:00,-0.05214958
2025-11-16 10:00:00,-0.1870242
2025-11-16 11:00:00,-0.31056184
2025-11-16 12:00:00,-0.41801238
2025-11-16 13:00:00,-0.46169537
2025-11-16 14:00:00,-0.25087205
2025-11-16 15:00:00,0.035755187
2025-11-16 16:00:00,0.2925271
2025-11-16 17:00:00,0.47720566
2025-11-16 18:00:00,0.5785757
2025-11-16 19:00:00,0.5592031
2025-11-16 20:00:00,0.38006133
2025-11-16 21:00:00,0.17273514
2025-11-16 22:00:00,0.012454962
2025-11-16 23:00:00,-0.1195938
2025-11-17 00:00:00,-0.24026623
2025-11-17 01:00:00,-0.33671156
2025-11-17 02:00:00,-0.3283612
2025-11-17 03:00:00,-0.06209302
2025-11-17 04:00:00,0.20406741
2025-11-17 05:00:00,0.39155662
2025-11-17 06:00:00,0.47972965
2025-11-17 07:00:00,0.44363606
2025-11-17 08:00:00,0.26334023
2025-11-17 09:00:00,0.066992745
2025-11-17 10:00:00,-0.088665165
2025-11-17 11:00:00,-0.22023882
2025-11-17 12:00:00,-0.3432855
2025-11-17 13:00:00,-0.4420493
2025-11-17 14:00:00,-0.4219308
2025-11-17 15:00:00,-0.13276796
2025-11-17 16:00:00,0.17358884
2025-11-17 17:00:00,0.42511517
2025-11-17 18:00:00,0.597392
2025-11-17 19:00:00,0.6722372
2025-11-17 20:00:00,0.5795887
2025-11-17 21:00:00,0.34923837
2025-11-17 22:00:00,0.14596404
2025-11-17 23:00:00,-0.008480261
2025-11-18 00:00:00,-0.14082204
2025-11-18 01:00:00,-0.26424968
2025-11-18 02:00:00,-0.3542022
2025-11-18 03:00:00,-0.25003
2025-11-18 04:00:00,0.05163095
2025-11-18 05:00:00,0.30733934
2025-11-18 06:00:00,0.46516144
2025-11-18 07:00:00,0.5087825
2025-11-18 08:00:00,0.40591568
2025-11-18 09:00:00,0.19496599
2025-11-18 10:00:00,0.010133735
2025-11-18 11:00:00,-0.13308895
2025-11-18 12:00:00,-0.26351875
2025-11-18 13:00:00,-0.38413957
2025-11-18 14:00:00,-0.46560803
2025-11-18 15:00:00,-0.318093
2025-11-18 16:00:00,0.010137938
2025-11-18 17:00:00,0.32277545
2025-11-18 18:00:00,0.55596066
2025-11-18 19:00:00,0.69663197
2025-11-18 20:00:00,0.7030212
2025-11-18 21:00:00,0.5185169
2025-11-18 22:00:00,0.2825686
2025-11-18 23:00:00,0.1026896
2025-11-19 00:00:00,-0.041195534
2025-11-19 01:00:00,-0.17296323
2025-11-19 02:00:00,-0.2930904
2025-11-19 03:00:00,-0.35518008
2025-11-19 04:00:00,-0.12798615
2025-11-19 05:00:00,0.17394233
2025-11-19 06:00:00,0.40571317
